[{"id":"3de0e2de-242b-41b7-abb7-cc1ce0599ab2","path":"/init.ipynb"},{"id":"5442c44d-8e37-47e1-b783-474c95e60a5b","path":"/notebook.ipynb"},{"id":"8d83a86a-b5d5-42cd-b158-20bab87aa8cb","path":"/requirements.txt"},{"id":"11f01979-4373-402b-b7cb-a16a78fafe84","path":"/data.csv"},{"id":"efa1672c-e937-4cc3-b5e9-68986635a1b1","path":"/WPULEUS3w.csv"},{"id":"da7a77e8-84c5-48f4-9240-4f2f51e4f058","path":"/Refinery_capacity.csv"},{"id":"7f716ebd-a406-4dea-b05a-a5cccea72e42","path":"/U.S._Ending_Stocks_of_Crude_Oil_and_Petroleum_Products.csv"},{"id":"4fccca22-3263-44c3-9ef5-c3b3e28e271d","path":"/U.S._Ending_Stocks_of_Crude_Oil.csv"},{"id":"e9e693f5-f90d-45b4-9bc8-014d396a785f","path":"/Weekly_U.S._Ending_Stocks_of_Crude_Oil_and_Petroleum_Products.csv"},{"id":"dbb78f5f-ec84-41ea-8060-2ad74b092320","path":"/Weekly_Cushing_OK_Ending_Stocks_excluding_SPR_of_Crude_Oil.csv"},{"id":"0d2e3ef3-e057-4c85-8c4e-7fd04650c7ba","path":"/OECD_End-of-period_Commercial_Crude_Oil_and_Other_Liquids_Inventory_Annual.csv"},{"id":"9ee54900-0185-4757-930a-36cdcaf6ec75","path":"/OECD_End-of-period_Commercial_Crude_Oil_and_Other_Liquids_Inventory_Monthly.csv"},{"id":"be8bc664-acab-4ee6-8fdc-53e6412178fc","path":"/Weekly_U.S._Ending_Stocks_excluding_SPR_of_Crude_Oil_and_Petroleum_Products.csv"},{"id":"abd2b6d5-f6a7-4ba6-a1ab-f3e2b905a583","path":"/U.S._Refinery_Crude_Oil_Shell_Storage_Capacity_as_of_January_1.csv"},{"id":"c51d3d57-c590-4d9e-862e-76bba0dcf339","path":"/Capacity.csv"},{"id":"1767b2b2-f998-4078-9737-302aefc1cd08","path":"/Weekly_U.S._Ending_Stocks_of_Crude_Oil.csv"},{"id":"5e2436a8-1340-4d6e-9f2e-891e33ea62f2","path":"/Weekly_U.S._Ending_Stocks_excluding_SPR_of_Crude_Oil (1).csv"}]